{
    "(1, 'ATGGACACC')": [
        0.0978805394990366,
        0.3239795918367347,
        0.15855648617828635,
        0.3042672464995754
    ],
    "(10, 'ATCATCCAC')": [
        0.0978805394990366,
        0.3239795918367347,
        0.15855648617828635,
        0.3042672464995754
    ],
    "(19, 'AACACCACG')": [
        0.314334875410453,
        0.6224489795918368,
        0.49561450592913964,
        0.6056830571421279
    ],
    "(28, 'AACCGCAGT')": [
        0.9340338862136616,
        0.9387755102040817,
        0.93665474643576,
        0.9583859578088868
    ],
    "(37, 'ACCGATACT')": [
        0.9942460317460318,
        0.9948979591836735,
        0.9949308592484613,
        0.9968112538401601
    ],
    "(46, 'CCGCATGTC')": [
        0.5149879518072289,
        0.6556122448979592,
        0.5238332923530858,
        0.7930332691260176
    ],
    "(55, 'AACATCACC')": [
        0.7432953870620327,
        0.7729591836734694,
        0.6917346358478772,
        0.9105228559484477
    ],
    "(64, 'TGTAACATA')": [
        0.5211916172737086,
        0.7448979591836735,
        0.6539737031084765,
        0.7979360313407582
    ],
    "(73, 'ACGGAGCCG')": [
        0.8497282892347506,
        0.9005102040816326,
        0.8800387937354159,
        0.9335768414744806
    ],
    "(82, 'CTATCCGCC')": [
        0.5551618155458905,
        0.8520408163265306,
        0.7906952362745031,
        0.831573436380784
    ],
    "(91, 'ATCCGTACC')": [
        0.9954968884250093,
        0.9948979591836735,
        0.9949061365936887,
        0.99723856555745
    ],
    "(100, 'ACAGAAGCC')": [
        0.31230017588430725,
        0.6352040816326531,
        0.49674075610310564,
        0.6238597861031507
    ],
    "(109, 'GTGATCAAC')": [
        0.5576940345452203,
        0.8494897959183674,
        0.7905698812118468,
        0.8340260660468639
    ],
    "(118, 'ACGTTCATC')": [
        0.7566823585143077,
        0.8673469387755102,
        0.8140071284764738,
        0.9133928355389158
    ],
    "(127, 'ATTTTCGTA')": [
        0.7199025974025973,
        0.7704081632653061,
        0.6893340750802485,
        0.8876822358172347
    ],
    "(136, 'GGCGGCCCG')": [
        0.5773359757125991,
        0.8571428571428571,
        0.8050346941357078,
        0.8401625553794875
    ],
    "(145, 'CTCAATGCC')": [
        0.7628730568885608,
        0.8724489795918368,
        0.8218669229719695,
        0.9202275055437875
    ],
    "(154, 'ATAGTGTTG')": [
        0.0978805394990366,
        0.3239795918367347,
        0.15855648617828635,
        0.3042672464995754
    ],
    "(163, 'ATCACGCAG')": [
        0.5167377527287942,
        0.6581632653061225,
        0.5429913034950515,
        0.7948888239152905
    ],
    "(172, 'CTGCTCACG')": [
        0.5007243180960328,
        0.5561224489795918,
        0.4286836112357811,
        0.7851978793007712
    ],
    "(181, 'AATCGCGTA')": [
        0.7310892759189973,
        0.7704081632653061,
        0.6896972149965451,
        0.8980570147977956
    ],
    "(190, 'TTGGGCTAT')": [
        0.5162027882887856,
        0.6581632653061225,
        0.5257728825488501,
        0.7942666966481304
    ],
    "(199, 'TCAACCCCC')": [
        0.5302229540651293,
        0.75,
        0.6596794368419044,
        0.8104243052911102
    ],
    "(208, 'ACCATCTAC')": [
        0.2726684758028042,
        0.5255102040816326,
        0.43166870886753617,
        0.5590837470977074
    ],
    "(217, 'ATGACCAAC')": [
        0.0978805394990366,
        0.3239795918367347,
        0.15855648617828635,
        0.3042672464995754
    ],
    "(226, 'CTCTATTCC')": [
        0.5246545796228672,
        0.6454081632653061,
        0.5365330288691811,
        0.8137533492850793
    ],
    "(235, 'ACCAACTTC')": [
        0.5456426251604404,
        0.8494897959183674,
        0.7904758647746745,
        0.8226891714258128
    ],
    "(244, 'CTCACGCTC')": [
        0.5162027882887856,
        0.6581632653061225,
        0.5257728825488501,
        0.7942666966481304
    ],
    "(253, 'ACCGTACTG')": [
        0.9611538863710685,
        0.9872448979591837,
        0.9874462710281545,
        0.9771422325117747
    ],
    "(262, 'CCATTTATC')": [
        0.9507331562719777,
        0.9387755102040817,
        0.9368341353953591,
        0.973047056483045
    ],
    "(271, 'GTGCTGAGC')": [
        0.7874046103669928,
        0.9668367346938775,
        0.9581133672952414,
        0.9352130305847547
    ],
    "(280, 'AACCAGTGG')": [
        0.31759259259259254,
        0.5459183673469388,
        0.412426776266062,
        0.680455801401544
    ],
    "(289, 'CTACTACCC')": [
        0.7429365489520527,
        0.8724489795918368,
        0.8218523457124944,
        0.902402329534884
    ],
    "(298, 'GCTAGCGTG')": [
        0.5038792388166327,
        0.6556122448979592,
        0.5235170727421438,
        0.7652984609571841
    ],
    "(307, 'GCTTCGTGC')": [
        0.9940828123156777,
        0.9923469387755102,
        0.9923404385937458,
        0.9966330281773059
    ],
    "(316, 'AAATTCTTG')": [
        0.7408672778462091,
        0.8673469387755102,
        0.816971699720222,
        0.8970003540312022
    ],
    "(325, 'TCGGTGATT')": [
        0.7605612520237452,
        0.7831632653061225,
        0.7106873024439133,
        0.9143694867899439
    ],
    "(334, 'TACTACTCG')": [
        0.4167549269248358,
        0.6683673469387755,
        0.5743844336417293,
        0.699697475695309
    ],
    "(343, 'AGCTGCACA')": [
        0.3161649468021199,
        0.5433673469387755,
        0.410703967071884,
        0.67691328585365
    ],
    "(352, 'GTAGGCTTT')": [
        0.3249826820422966,
        0.6326530612244898,
        0.5184175336733446,
        0.6862826792025266
    ],
    "(361, 'GCCACCGTA')": [
        0.2996078431372549,
        0.3469387755102041,
        0.1843137254901961,
        0.6643876278200207
    ],
    "(370, 'GCCCTGATC')": [
        0.7248344537984778,
        0.8622448979591837,
        0.8134492421976361,
        0.8894879022185275
    ],
    "(379, 'GCCGCCGAC')": [
        0.5283275290919901,
        0.6530612244897959,
        0.5422702759860422,
        0.8183787986807836
    ],
    "(388, 'CGATACCGC')": [
        0.8688067630090821,
        0.9158163265306123,
        0.8978851608044829,
        0.9428647131439435
    ],
    "(397, 'GTTCTTCAT')": [
        0.5589346985458308,
        0.8571428571428571,
        0.7956396599269302,
        0.8368223993285272
    ],
    "(406, 'AAGCGTACC')": [
        0.7272554112554113,
        0.8571428571428571,
        0.8060529861295167,
        0.8801437775089446
    ],
    "(415, 'TACGCGCGG')": [
        0.5038792388166327,
        0.6556122448979592,
        0.5235170727421438,
        0.7652984609571841
    ],
    "(424, 'CAGTCGTAC')": [
        0.9934458302763511,
        0.9948979591836735,
        0.9948979591836735,
        0.9963173276340482
    ],
    "(433, 'CGCTCCACC')": [
        0.7222836774827924,
        0.7729591836734694,
        0.689867124947324,
        0.8915358603024374
    ],
    "(442, 'TATATAATT')": [
        0.7510291837995217,
        0.8469387755102041,
        0.8020758049556382,
        0.9121936918692839
    ],
    "(451, 'TTGCTATTG')": [
        0.5186552513905551,
        0.5663265306122449,
        0.4376971900659053,
        0.8139724496477623
    ],
    "(460, 'ACCTGGTTT')": [
        0.950089552238806,
        0.9387755102040817,
        0.936618946085897,
        0.973223924844561
    ],
    "(469, 'GCCGGGCTG')": [
        0.7210476311505667,
        0.8698979591836735,
        0.81930978371415,
        0.8893458301190864
    ],
    "(478, 'ATCTTTTCC')": [
        0.5162027882887856,
        0.6581632653061225,
        0.5257728825488501,
        0.7942666966481304
    ],
    "(487, 'ATGCCCGCG')": [
        0.5188187457772864,
        0.7933673469387755,
        0.7420165298476126,
        0.7945280005282025
    ],