,05.M1.W08.03_H1,05.M1.W08.03_H4,HCMV_Towne_UL33,05.M1.W08.03_H2,05.M1.W08.03_H3,ul33_Merlin_seq,05.M1.W08.03_H0,05.B1.W14.04_H2,HCMV_AD169_UL33,HCMV_Toledo_UL33
05.M1.W08.03_H1,0
05.M1.W08.03_H4,0.06938775510204087,0
HCMV_Towne_UL33,0.17380239520958085,0.14443603330809995,0
05.M1.W08.03_H2,0.11224643125469569,0.14624145785876996,0.1030120481927711,0
05.M1.W08.03_H3,0.1347305389221557,0.11309613928841789,0.10397599399849966,0.06907449209932282,0
ul33_Merlin_seq,0.17879014189693798,0.11827794561933536,0.07433628318584073,0.07438016528925617,0.05119760479041913,0
05.M1.W08.03_H0,0.17879014189693798,0.108843537414966,0.08488023952095813,0.06220886551465066,0.04580838323353298,0.02150858849887971,0
05.B1.W14.04_H2,0.18565022421524668,0.11700680272108843,0.08103321033210331,0.06902255639097743,0.0525842696629214,0.014580265095728961,0.006726457399103158,0
HCMV_AD169_UL33,0.23443113772455093,0.22755488266464796,0.2248337028824834,0.22364457831325302,0.23630907726931738,0.22699115044247786,0.22634730538922154,0.22583025830258308,0
HCMV_Toledo_UL33,0.21422155688622757,0.21665404996214987,0.20753880266075386,0.2019578313253012,0.21200300075018752,0.2017699115044248,0.21152694610778444,0.2098892988929889,0.1483443708609271,0
