,ul33_Merlin_seq,HCMV_Towne_UL33,30.B1.W11.08_H2,30.M1.W04.09_H3,HCMV_AD169_UL33,HCMV_Toledo_UL33
ul33_Merlin_seq,0
HCMV_Towne_UL33,0.07566371681415929,0
30.B1.W11.08_H2,0.06106194690265487,0.02394678492239466,0
30.M1.W04.09_H3,0.06110701107011074,0.02396449704142012,0.0,0
HCMV_AD169_UL33,0.22964601769911508,0.22350332594235034,0.2195121951219512,0.2196745562130178,0
HCMV_Toledo_UL33,0.20575221238938057,0.2062084257206208,0.20088691796008873,0.20103550295857986,0.1483443708609271,0
