,ul33_Merlin_seq,HCMV_Towne_UL33,HCMV_AD169_UL33,HCMV_Toledo_UL33,53.B1.W14.17_H3,53.M1.W07.16_H0,53.B1.W14.17_H0,53.M1.W07.16_H1,53.M1.W07.16_H2
ul33_Merlin_seq,0
HCMV_Towne_UL33,0.07433628318584073,0
HCMV_AD169_UL33,0.22715867158671588,0.22350332594235034,0
HCMV_Toledo_UL33,0.20059040590405908,0.20753880266075386,0.1483443708609271,0
53.B1.W14.17_H3,0.1837555886736214,0.19597315436241614,0.1504477611940298,0.03358208955223885,0
53.M1.W07.16_H0,0.18919319022945968,0.1988139362490734,0.14810971089696068,0.025352112676056304,0.006716417910447747,0
53.B1.W14.17_H0,0.1868050407709414,0.19643652561247216,0.149777117384844,0.028083209509658258,0.006706408345752646,0.0,0
53.M1.W07.16_H1,0.19571005917159767,0.20399999999999996,0.14410674573758342,0.024017790956263885,0.021492537313432813,0.014655810510732836,0.01603563474387526,0
53.M1.W07.16_H2,0.19718726868985936,0.2054855448480356,0.15077835433654563,0.022683469236471465,0.030895522388059704,0.023982235381199146,0.02407132243684995,0.00932642487046631,0
