,56.M1.W03.21_H4,56.B1.W09.22_H1,56.B1.W09.22_H4,HCMV_AD169_UL33,56.M1.W03.21_H3,HCMV_Toledo_UL33,56.M1.W03.21_H0,HCMV_Towne_UL33,56.M1.W03.21_H1,ul33_Merlin_seq
56.M1.W03.21_H4,0
56.B1.W09.22_H1,0.02208588957055213,0
56.B1.W09.22_H4,0.02344827586206899,0.0,0
HCMV_AD169_UL33,0.03315425940138139,0.01064301552106428,0.01064301552106428,0
56.M1.W03.21_H3,0.11319018404907977,0.1297546012269939,0.13103448275862073,0.13537989255564087,0
HCMV_Toledo_UL33,0.14090560245587103,0.14368070953436807,0.14368070953436807,0.1483443708609271,0.03591711435149658,0
56.M1.W03.21_H0,0.18486486486486486,0.19861111111111107,0.19984579799537394,0.20710424710424713,0.16249999999999998,0.18486486486486486,0
HCMV_Towne_UL33,0.21395705521472397,0.2195121951219512,0.22067946824224516,0.22350332594235034,0.19187116564417173,0.2062084257206208,0.1694444444444444,0
56.M1.W03.21_H1,0.17750385208012331,0.19151888974556674,0.1927580893682589,0.1972222222222222,0.16237471087124133,0.18194444444444446,0.15209302325581397,0.06939090208172705,0
ul33_Merlin_seq,0.20965517241379306,0.22067946824224516,0.22184501845018445,0.22699115044247786,0.1820689655172414,0.20309734513274336,0.16515034695451036,0.07433628318584073,0.045762711864406724,0
