,HCMV_Towne_UL33,63.B1.W09.29_H2,63.M1.W02.30_H1,ul33_Merlin_seq,63.M1.W02.30_H2,63.B1.W09.29_H1,HCMV_AD169_UL33,HCMV_Toledo_UL33
HCMV_Towne_UL33,0
63.B1.W09.29_H2,0.08501845018450183,0
63.M1.W02.30_H1,0.08387573964497042,0.0,0
ul33_Merlin_seq,0.07566371681415929,0.014580265095728961,0.013284132841328455,0
63.M1.W02.30_H2,0.07588757396449708,0.013293943870014813,0.013284132841328455,0.0026568265682657133,0
63.B1.W09.29_H1,0.07566371681415929,0.014580265095728961,0.013284132841328455,0.0026490066225165476,0.0,0
HCMV_AD169_UL33,0.22350332594235034,0.2324723247232472,0.23165680473372785,0.22964601769911508,0.23032544378698228,0.22964601769911508,0
HCMV_Toledo_UL33,0.2062084257206208,0.21121771217712182,0.21035502958579877,0.20575221238938057,0.20636094674556216,0.20575221238938057,0.1483443708609271,0
