,ul33_Merlin_seq,HCMV_Towne_UL33,66.M1.W02.24_H0,HCMV_AD169_UL33,HCMV_Toledo_UL33,66.M1.W02.24_H4,66.B1.W09.25_H2,66.B1.W09.25_H1,66.B1.W09.25_H0,66.B1.W09.25_H3
ul33_Merlin_seq,0
HCMV_Towne_UL33,0.07433628318584073,0
66.M1.W02.24_H0,0.21040723981900455,0.20920754716981127,0
HCMV_AD169_UL33,0.22715867158671588,0.22350332594235034,0.021752265861027187,0
HCMV_Toledo_UL33,0.20059040590405908,0.20753880266075386,0.1373111782477341,0.1483443708609271,0
66.M1.W02.24_H4,0.18461538461538463,0.1915471698113208,0.12760180995475112,0.14138972809667671,0.027190332326283984,0
66.B1.W09.25_H2,0.1844097995545657,0.1940520446096654,0.14192570128885518,0.1524517087667162,0.026745913818722156,0.017740712661106883,0
66.B1.W09.25_H1,0.19228486646884269,0.2019316493313521,0.13919636087945408,0.14832962138084638,0.02538975501113583,0.01501137225170579,0.0173719376391982,0
66.B1.W09.25_H0,0.18616071428571423,0.19850968703427718,0.13277566539923957,0.14351713859910586,0.020119225037257826,0.008212927756653943,0.010730253353204211,0.008041697691734906,0
66.B1.W09.25_H3,0.19066666666666665,0.2002967359050445,0.13489780469341406,0.14554896142433238,0.02002967359050445,0.008175624526873593,0.009354120267260568,0.008011869436201802,0.001339285714285765,0
